eoa,total_score,ranking,grade
"<a href=""https://blockscout.com/xdai/mainnet/address/0xf69c45b4246fd91f17ab9851987c7f100e0273cf"" target=""_blank"">0xf69c45b4246fd91f17ab9851987c7f100e0273cf</a>",252.3204539987671,1,diamond
"<a href=""https://blockscout.com/xdai/mainnet/address/0xe2f3c30b753f71bdbf1258d6e09fd3d2adf549db"" target=""_blank"">0xe2f3c30b753f71bdbf1258d6e09fd3d2adf549db</a>",222.27896339840825,2,diamond
"<a href=""https://blockscout.com/xdai/mainnet/address/0xcf43e9a2f9ed4810de89ae08d88445d8ccf63ab1"" target=""_blank"">0xcf43e9a2f9ed4810de89ae08d88445d8ccf63ab1</a>",140.88084917771525,3,diamond
"<a href=""https://blockscout.com/xdai/mainnet/address/0xd7788aa49587bef3e2b9605ca666b5ca2fd31b59"" target=""_blank"">0xd7788aa49587bef3e2b9605ca666b5ca2fd31b59</a>",134.91281947344214,4,diamond
"<a href=""https://blockscout.com/xdai/mainnet/address/0x8d339490827b323295da0a003096e18b0dd99a2f"" target=""_blank"">0x8d339490827b323295da0a003096e18b0dd99a2f</a>",128.9786965920199,5,diamond
"<a href=""https://blockscout.com/xdai/mainnet/address/0x42f7061ee77094e31f5ac69e6f76d8054bb7495f"" target=""_blank"">0x42f7061ee77094e31f5ac69e6f76d8054bb7495f</a>",122.25601700011735,6,diamond
"<a href=""https://blockscout.com/xdai/mainnet/address/0x1cccede48295654b7e48333b47f54d24c4d612d9"" target=""_blank"">0x1cccede48295654b7e48333b47f54d24c4d612d9</a>",118.0117267103154,7,diamond
"<a href=""https://blockscout.com/xdai/mainnet/address/0xf17e325f34bb4f2401a67cdb58025ed9947ee198"" target=""_blank"">0xf17e325f34bb4f2401a67cdb58025ed9947ee198</a>",106.12593309772103,8,diamond
"<a href=""https://blockscout.com/xdai/mainnet/address/0xdf9f3a6490f84a8717a5c84fba5dd5df1429380f"" target=""_blank"">0xdf9f3a6490f84a8717a5c84fba5dd5df1429380f</a>",94.3921420318588,9,diamond
"<a href=""https://blockscout.com/xdai/mainnet/address/0x5de853cb6813f9aefd25635776139d8c0aaaf77a"" target=""_blank"">0x5de853cb6813f9aefd25635776139d8c0aaaf77a</a>",93.48571874589649,10,diamond
"<a href=""https://blockscout.com/xdai/mainnet/address/0x5f8cd6abcb92a521f756d3e1940aa424453e7287"" target=""_blank"">0x5f8cd6abcb92a521f756d3e1940aa424453e7287</a>",90.76839774111136,11,diamond
"<a href=""https://blockscout.com/xdai/mainnet/address/0x2e5b27a6ee216c90f6f42bfeadd7cd25888e5be3"" target=""_blank"">0x2e5b27a6ee216c90f6f42bfeadd7cd25888e5be3</a>",74.1410045225403,12,diamond
"<a href=""https://blockscout.com/xdai/mainnet/address/0xe44aede3f7d3849c4803c22ac8b65384298b7b0a"" target=""_blank"">0xe44aede3f7d3849c4803c22ac8b65384298b7b0a</a>",72.05139114610303,13,diamond
"<a href=""https://blockscout.com/xdai/mainnet/address/0x538245eb114c87fdceb51df161f048ec1656926b"" target=""_blank"">0x538245eb114c87fdceb51df161f048ec1656926b</a>",71.54244345012117,14,diamond
"<a href=""https://blockscout.com/xdai/mainnet/address/0x65a7de07f2df7564421b3a942cb0699b357b91ce"" target=""_blank"">0x65a7de07f2df7564421b3a942cb0699b357b91ce</a>",70.40089279467995,15,diamond
"<a href=""https://blockscout.com/xdai/mainnet/address/0xb817f347cc5dc77dabeb45dc071dc4ca80b28e16"" target=""_blank"">0xb817f347cc5dc77dabeb45dc071dc4ca80b28e16</a>",69.61397270330244,16,diamond
"<a href=""https://blockscout.com/xdai/mainnet/address/0x83f62a5b0fdd00ac4a73be13b61bde29551e7175"" target=""_blank"">0x83f62a5b0fdd00ac4a73be13b61bde29551e7175</a>",65.72197652070133,17,diamond
"<a href=""https://blockscout.com/xdai/mainnet/address/0x9a1e402d39cb2d49cf23e6767c6458126ea24631"" target=""_blank"">0x9a1e402d39cb2d49cf23e6767c6458126ea24631</a>",65.27036463092972,18,diamond
"<a href=""https://blockscout.com/xdai/mainnet/address/0x86df6fb7d87cad5683a4b148f1e5afa6cb4633ed"" target=""_blank"">0x86df6fb7d87cad5683a4b148f1e5afa6cb4633ed</a>",62.89419914505972,19,diamond
"<a href=""https://blockscout.com/xdai/mainnet/address/0x9a76f28cef5d14767575843974a924bbc25f2088"" target=""_blank"">0x9a76f28cef5d14767575843974a924bbc25f2088</a>",62.11572065116553,20,diamond
"<a href=""https://blockscout.com/xdai/mainnet/address/0x9f24aa4adc816066d71f0d7362f89c6590dd8e93"" target=""_blank"">0x9f24aa4adc816066d71f0d7362f89c6590dd8e93</a>",61.80219405680477,21,diamond
"<a href=""https://blockscout.com/xdai/mainnet/address/0x508f1b6c5eb1e0f9d48795c848d87288bae13a46"" target=""_blank"">0x508f1b6c5eb1e0f9d48795c848d87288bae13a46</a>",58.50276389646574,22,diamond
"<a href=""https://blockscout.com/xdai/mainnet/address/0xf3551c1d8ac61569e482abc05eefae4cccef32c1"" target=""_blank"">0xf3551c1d8ac61569e482abc05eefae4cccef32c1</a>",57.105739712365605,23,diamond
"<a href=""https://blockscout.com/xdai/mainnet/address/0x7d3a7ad44bfcfc0962709ece4c149128717906b8"" target=""_blank"">0x7d3a7ad44bfcfc0962709ece4c149128717906b8</a>",53.67330180889746,24,diamond
"<a href=""https://blockscout.com/xdai/mainnet/address/0xd9fdabb46a25ee067382fc5727bb1e496c92de51"" target=""_blank"">0xd9fdabb46a25ee067382fc5727bb1e496c92de51</a>",50.665090578335025,25,diamond
"<a href=""https://blockscout.com/xdai/mainnet/address/0x2518d25bd229aa6f5eaa344873895528462b8f37"" target=""_blank"">0x2518d25bd229aa6f5eaa344873895528462b8f37</a>",46.98750491946976,26,diamond
"<a href=""https://blockscout.com/xdai/mainnet/address/0x12fd147e466c6b14270e021c1ff0837149b8b127"" target=""_blank"">0x12fd147e466c6b14270e021c1ff0837149b8b127</a>",45.20274440554981,27,diamond
"<a href=""https://blockscout.com/xdai/mainnet/address/0xdc4b4c0ec6bdb30bf7262d341037103750ed7eb5"" target=""_blank"">0xdc4b4c0ec6bdb30bf7262d341037103750ed7eb5</a>",44.99025481951411,28,diamond
"<a href=""https://blockscout.com/xdai/mainnet/address/0xd0b744a3cee6c07814a889ecd4ebb3da1d4252d1"" target=""_blank"">0xd0b744a3cee6c07814a889ecd4ebb3da1d4252d1</a>",43.242238240293815,29,diamond
"<a href=""https://blockscout.com/xdai/mainnet/address/0xb3bd192d80fa4f40a1d851e81c9cf196a3a7d632"" target=""_blank"">0xb3bd192d80fa4f40a1d851e81c9cf196a3a7d632</a>",42.531901756740034,30,diamond
"<a href=""https://blockscout.com/xdai/mainnet/address/0x329f4435e0f22899b733756c71aa12c1004146b1"" target=""_blank"">0x329f4435e0f22899b733756c71aa12c1004146b1</a>",41.462753741212026,31,diamond
"<a href=""https://blockscout.com/xdai/mainnet/address/0xf6ba4bfdd94c87224c0d091318ecf1b89b83724d"" target=""_blank"">0xf6ba4bfdd94c87224c0d091318ecf1b89b83724d</a>",40.976107381914765,32,diamond
"<a href=""https://blockscout.com/xdai/mainnet/address/0x5fe9a92531fe648666551a6cbae2a7b817249c52"" target=""_blank"">0x5fe9a92531fe648666551a6cbae2a7b817249c52</a>",40.78861034929763,33,diamond
"<a href=""https://blockscout.com/xdai/mainnet/address/0x616c9f0aaa13d3587b9fe6f513df62522f7d900c"" target=""_blank"">0x616c9f0aaa13d3587b9fe6f513df62522f7d900c</a>",39.28330122870355,34,diamond
"<a href=""https://blockscout.com/xdai/mainnet/address/0xc3dc7f0d84e447c27ee2fa17b1a3ecbd3bfaeb51"" target=""_blank"">0xc3dc7f0d84e447c27ee2fa17b1a3ecbd3bfaeb51</a>",38.12838125741212,35,diamond
"<a href=""https://blockscout.com/xdai/mainnet/address/0xbe252ed345e7859b3f7bbdb97f6604980b8b3432"" target=""_blank"">0xbe252ed345e7859b3f7bbdb97f6604980b8b3432</a>",33.92860797313003,36,diamond
"<a href=""https://blockscout.com/xdai/mainnet/address/0x0057bd83a142da84b6404616c683e21e7dd6fa5f"" target=""_blank"">0x0057bd83a142da84b6404616c683e21e7dd6fa5f</a>",33.417095529308064,37,diamond
"<a href=""https://blockscout.com/xdai/mainnet/address/0x38b0aa025b0a6a134cd6d940ce37df6978bba6de"" target=""_blank"">0x38b0aa025b0a6a134cd6d940ce37df6978bba6de</a>",31.921187231609423,38,diamond
"<a href=""https://blockscout.com/xdai/mainnet/address/0x811df83148fa178c1fa9f80b9f07e1dda5a9c191"" target=""_blank"">0x811df83148fa178c1fa9f80b9f07e1dda5a9c191</a>",31.811575005870594,39,diamond
"<a href=""https://blockscout.com/xdai/mainnet/address/0xcb06551543a48e812d72e00bf88c4ef80a29208e"" target=""_blank"">0xcb06551543a48e812d72e00bf88c4ef80a29208e</a>",31.40832160500056,40,diamond
"<a href=""https://blockscout.com/xdai/mainnet/address/0x55efd8848bbc89afc631d61d6d1546e5d5fbb93f"" target=""_blank"">0x55efd8848bbc89afc631d61d6d1546e5d5fbb93f</a>",30.571997489293807,41,diamond
"<a href=""https://blockscout.com/xdai/mainnet/address/0xddf8eb9abe01c6baf5f1308a3173a69f95fa6ce2"" target=""_blank"">0xddf8eb9abe01c6baf5f1308a3173a69f95fa6ce2</a>",29.791911739132964,42,diamond
"<a href=""https://blockscout.com/xdai/mainnet/address/0x4a2dd4b190b6dee6939709278b659ed5ffcb9d92"" target=""_blank"">0x4a2dd4b190b6dee6939709278b659ed5ffcb9d92</a>",29.146481135742178,43,diamond
"<a href=""https://blockscout.com/xdai/mainnet/address/0x05c9f9ea62c3c69ddf7221446d7dbf4e04b0c408"" target=""_blank"">0x05c9f9ea62c3c69ddf7221446d7dbf4e04b0c408</a>",28.708660852513848,44,diamond
"<a href=""https://blockscout.com/xdai/mainnet/address/0xbf873e22cc4a3156163693fdc45a18c3fc434aa7"" target=""_blank"">0xbf873e22cc4a3156163693fdc45a18c3fc434aa7</a>",28.340224365738514,45,diamond
"<a href=""https://blockscout.com/xdai/mainnet/address/0x18376a0e6f2975013d2866407ea4f4e2ff01b510"" target=""_blank"">0x18376a0e6f2975013d2866407ea4f4e2ff01b510</a>",28.03649505775451,46,diamond
"<a href=""https://blockscout.com/xdai/mainnet/address/0xa4f4d8b87af48e72015b8d6446df79033d41c427"" target=""_blank"">0xa4f4d8b87af48e72015b8d6446df79033d41c427</a>",26.98750849653622,47,diamond
"<a href=""https://blockscout.com/xdai/mainnet/address/0x0ab89d33cc455105c56a6e9381bde16e0d6d9e40"" target=""_blank"">0x0ab89d33cc455105c56a6e9381bde16e0d6d9e40</a>",26.61382425193135,48,diamond
"<a href=""https://blockscout.com/xdai/mainnet/address/0x4c0ec032d64f5560b1ee96bd342a0def72bfed61"" target=""_blank"">0x4c0ec032d64f5560b1ee96bd342a0def72bfed61</a>",26.146028757021526,49,diamond
"<a href=""https://blockscout.com/xdai/mainnet/address/0xed534f3f4cdf9df19c3082189964e5e8d162d862"" target=""_blank"">0xed534f3f4cdf9df19c3082189964e5e8d162d862</a>",25.50656846418505,50,diamond
"<a href=""https://blockscout.com/xdai/mainnet/address/0x930dab128ee82c5eadac116bd1a7f0618110aadb"" target=""_blank"">0x930dab128ee82c5eadac116bd1a7f0618110aadb</a>",24.736288369411795,51,diamond
"<a href=""https://blockscout.com/xdai/mainnet/address/0x1279249174ec07a2cb3f057bdc43414106183d4c"" target=""_blank"">0x1279249174ec07a2cb3f057bdc43414106183d4c</a>",24.6900968013718,52,gold
"<a href=""https://blockscout.com/xdai/mainnet/address/0xeb4872b4c995f6613077090438eae69cfeff142f"" target=""_blank"">0xeb4872b4c995f6613077090438eae69cfeff142f</a>",23.668907502301863,53,gold
"<a href=""https://blockscout.com/xdai/mainnet/address/0x27643f4e2b35a18bcd55252e88f13039f4f81927"" target=""_blank"">0x27643f4e2b35a18bcd55252e88f13039f4f81927</a>",23.04911874401347,54,gold
"<a href=""https://blockscout.com/xdai/mainnet/address/0xc8033f11a077694f82de5949bc6cf74efbcb241a"" target=""_blank"">0xc8033f11a077694f82de5949bc6cf74efbcb241a</a>",20.761978808677927,55,gold
"<a href=""https://blockscout.com/xdai/mainnet/address/0x9d8c00b16906a78943c66f1f976a98e4e7a36909"" target=""_blank"">0x9d8c00b16906a78943c66f1f976a98e4e7a36909</a>",20.660277170153677,56,gold
"<a href=""https://blockscout.com/xdai/mainnet/address/0xde5701c91e479888878f9aebf1decc0b10d88cb5"" target=""_blank"">0xde5701c91e479888878f9aebf1decc0b10d88cb5</a>",20.386099266424925,57,gold
"<a href=""https://blockscout.com/xdai/mainnet/address/0xa6cf43fe0b47d5da8f03258b37f1caf148955019"" target=""_blank"">0xa6cf43fe0b47d5da8f03258b37f1caf148955019</a>",19.492816243246182,58,gold
"<a href=""https://blockscout.com/xdai/mainnet/address/0x25e4723f5859952d807ca1339e010c30e06656af"" target=""_blank"">0x25e4723f5859952d807ca1339e010c30e06656af</a>",19.474752243168446,59,gold
"<a href=""https://blockscout.com/xdai/mainnet/address/0x72b3daf411912561836dea10e2efebd6f81ec209"" target=""_blank"">0x72b3daf411912561836dea10e2efebd6f81ec209</a>",18.800785790327765,60,gold
"<a href=""https://blockscout.com/xdai/mainnet/address/0x1b18903d2a3712f4a08d0f88564a8f1d08777ac1"" target=""_blank"">0x1b18903d2a3712f4a08d0f88564a8f1d08777ac1</a>",18.380211241711606,61,gold
"<a href=""https://blockscout.com/xdai/mainnet/address/0x8c0d5cf17365df315b8d334eb5552be9f7ff3978"" target=""_blank"">0x8c0d5cf17365df315b8d334eb5552be9f7ff3978</a>",18.35370855044367,62,gold
"<a href=""https://blockscout.com/xdai/mainnet/address/0xc8a4dccd4257645a6c04a05fa9a6aee26d7e808d"" target=""_blank"">0xc8a4dccd4257645a6c04a05fa9a6aee26d7e808d</a>",18.163757523981957,63,gold
"<a href=""https://blockscout.com/xdai/mainnet/address/0x9b8008224cb42e8346e6ba975cd12702aa0c57cb"" target=""_blank"">0x9b8008224cb42e8346e6ba975cd12702aa0c57cb</a>",17.898029753927844,64,gold
"<a href=""https://blockscout.com/xdai/mainnet/address/0x253a1dc6bbad8a62a8e8f7b21214fea2b78cb77e"" target=""_blank"">0x253a1dc6bbad8a62a8e8f7b21214fea2b78cb77e</a>",17.894733493763756,65,gold
"<a href=""https://blockscout.com/xdai/mainnet/address/0x3f4d0a6654c8365b42dcaa8aa92d9034e2a6141f"" target=""_blank"">0x3f4d0a6654c8365b42dcaa8aa92d9034e2a6141f</a>",15.612359947967775,66,gold
"<a href=""https://blockscout.com/xdai/mainnet/address/0xba540bb14101cbd4170df90408c0b9ec6c86273c"" target=""_blank"">0xba540bb14101cbd4170df90408c0b9ec6c86273c</a>",15.03148925570975,67,gold
"<a href=""https://blockscout.com/xdai/mainnet/address/0xefc05b0d0c8be8d4cb3a220ef582e9f7e6fbcd00"" target=""_blank"">0xefc05b0d0c8be8d4cb3a220ef582e9f7e6fbcd00</a>",14.827369273053826,68,gold
"<a href=""https://blockscout.com/xdai/mainnet/address/0x8a1cfc56923a2e02b9feec98a3a4f9f6e3cead6b"" target=""_blank"">0x8a1cfc56923a2e02b9feec98a3a4f9f6e3cead6b</a>",14.811575005870594,69,gold
"<a href=""https://blockscout.com/xdai/mainnet/address/0x65c13724928ea0afa68e09c7b70449bb8f6f3fc8"" target=""_blank"">0x65c13724928ea0afa68e09c7b70449bb8f6f3fc8</a>",14.226904551919123,70,gold
"<a href=""https://blockscout.com/xdai/mainnet/address/0x41df0d7108aa67aa76d8072a91edc2fddbc9783a"" target=""_blank"">0x41df0d7108aa67aa76d8072a91edc2fddbc9783a</a>",14.03148925570975,71,gold
"<a href=""https://blockscout.com/xdai/mainnet/address/0x0d36dd40ff721ac6e3f40fc3e36a5566609a03f1"" target=""_blank"">0x0d36dd40ff721ac6e3f40fc3e36a5566609a03f1</a>",13.602059991327963,72,gold
"<a href=""https://blockscout.com/xdai/mainnet/address/0xb6bf464940220c4202cd22674d3d1da225c9923f"" target=""_blank"">0xb6bf464940220c4202cd22674d3d1da225c9923f</a>",13.602059991327963,72,gold
"<a href=""https://blockscout.com/xdai/mainnet/address/0xe000adb6f47c7461694bcb69bf51bab8087d819d"" target=""_blank"">0xe000adb6f47c7461694bcb69bf51bab8087d819d</a>",13.320777528201697,74,gold
"<a href=""https://blockscout.com/xdai/mainnet/address/0xe3ac40fb0e6421bdb3426aaa957edf3ccb34bf1a"" target=""_blank"">0xe3ac40fb0e6421bdb3426aaa957edf3ccb34bf1a</a>",13.253338005326107,75,gold
"<a href=""https://blockscout.com/xdai/mainnet/address/0x3587db7dab8eed84962bb5f7a52ab875fd20aa46"" target=""_blank"">0x3587db7dab8eed84962bb5f7a52ab875fd20aa46</a>",13.121559844187502,76,gold
"<a href=""https://blockscout.com/xdai/mainnet/address/0x788a8a180f27f86b2148fbd7836ee6f0794d9296"" target=""_blank"">0x788a8a180f27f86b2148fbd7836ee6f0794d9296</a>",13.079181246047625,77,gold
"<a href=""https://blockscout.com/xdai/mainnet/address/0xa3ea3d64a05b91a08d0b04fccc4c8d8787f38cee"" target=""_blank"">0xa3ea3d64a05b91a08d0b04fccc4c8d8787f38cee</a>",12.676797462160774,78,gold
"<a href=""https://blockscout.com/xdai/mainnet/address/0xfea310e868466201e881866e75232e1bc2b86e0c"" target=""_blank"">0xfea310e868466201e881866e75232e1bc2b86e0c</a>",12.58476530184685,79,gold
"<a href=""https://blockscout.com/xdai/mainnet/address/0xb7338951d8aaf32ec72e72aff962aa0ee315cc6b"" target=""_blank"">0xb7338951d8aaf32ec72e72aff962aa0ee315cc6b</a>",12.56336715714562,80,gold
"<a href=""https://blockscout.com/xdai/mainnet/address/0x0c1633e0ba164a9def56d86d7c46afcbe4d28a77"" target=""_blank"">0x0c1633e0ba164a9def56d86d7c46afcbe4d28a77</a>",12.404722564045386,81,gold
"<a href=""https://blockscout.com/xdai/mainnet/address/0xdd734d9ec8d8f66306416835eceebb358611f5f3"" target=""_blank"">0xdd734d9ec8d8f66306416835eceebb358611f5f3</a>",12.380211241711606,82,gold
"<a href=""https://blockscout.com/xdai/mainnet/address/0x1d8ba67d23349ec047c67ba594f626737f245f0c"" target=""_blank"">0x1d8ba67d23349ec047c67ba594f626737f245f0c</a>",12.335191424924965,83,gold
"<a href=""https://blockscout.com/xdai/mainnet/address/0x8e11e73fb251fdf48029f4324f6f99f8f2a3e4db"" target=""_blank"">0x8e11e73fb251fdf48029f4324f6f99f8f2a3e4db</a>",12,84,gold
"<a href=""https://blockscout.com/xdai/mainnet/address/0x56d53a4402a7b8f4ad027cfb421ff60e865f665b"" target=""_blank"">0x56d53a4402a7b8f4ad027cfb421ff60e865f665b</a>",11.932148937076443,85,gold
"<a href=""https://blockscout.com/xdai/mainnet/address/0x407f9e8c06371b9f2b2faa4f98c233253d817308"" target=""_blank"">0x407f9e8c06371b9f2b2faa4f98c233253d817308</a>",11.545307116465825,86,gold
"<a href=""https://blockscout.com/xdai/mainnet/address/0x1d932e6489b5e4091ee078db497799237b354191"" target=""_blank"">0x1d932e6489b5e4091ee078db497799237b354191</a>",11.410756993939462,87,gold
"<a href=""https://blockscout.com/xdai/mainnet/address/0x78088d482ccad67f5fe0797dad9c9deadc53115f"" target=""_blank"">0x78088d482ccad67f5fe0797dad9c9deadc53115f</a>",11.232487866352987,88,gold
"<a href=""https://blockscout.com/xdai/mainnet/address/0xde6f17794861e1e13104285cd2dabfc478bfb679"" target=""_blank"">0xde6f17794861e1e13104285cd2dabfc478bfb679</a>",11.140633725134819,89,gold
"<a href=""https://blockscout.com/xdai/mainnet/address/0xf318a2f77816c166181597e53ec95773c7d70262"" target=""_blank"">0xf318a2f77816c166181597e53ec95773c7d70262</a>",10.653212513775344,90,gold
"<a href=""https://blockscout.com/xdai/mainnet/address/0x219d4eb4b62972862a6b38d130427aa92eae1a69"" target=""_blank"">0x219d4eb4b62972862a6b38d130427aa92eae1a69</a>",10.629328033794582,91,gold
"<a href=""https://blockscout.com/xdai/mainnet/address/0x6fb3071447c444e51f7b282a76f06f811e21d3ec"" target=""_blank"">0x6fb3071447c444e51f7b282a76f06f811e21d3ec</a>",10.556302500767288,92,gold
"<a href=""https://blockscout.com/xdai/mainnet/address/0x9d9bf4da1c024f1a2f9f12e5deb1424e8a5fdf31"" target=""_blank"">0x9d9bf4da1c024f1a2f9f12e5deb1424e8a5fdf31</a>",10.380211241711606,93,gold
"<a href=""https://blockscout.com/xdai/mainnet/address/0x49525c292f006396aa78d3441ee73ee992ef3183"" target=""_blank"">0x49525c292f006396aa78d3441ee73ee992ef3183</a>",10.380211241711606,93,gold
"<a href=""https://blockscout.com/xdai/mainnet/address/0x01f71f2a59d19030bf79961e3e57c82922feecca"" target=""_blank"">0x01f71f2a59d19030bf79961e3e57c82922feecca</a>",10.301029995663981,95,gold
"<a href=""https://blockscout.com/xdai/mainnet/address/0x7f4edb8fca00cd0e8b02cdcf46cd0be76ce4c773"" target=""_blank"">0x7f4edb8fca00cd0e8b02cdcf46cd0be76ce4c773</a>",10.079181246047625,96,gold
"<a href=""https://blockscout.com/xdai/mainnet/address/0xe9577c5e01af4ad6f841303ad5fd57cf2f502d58"" target=""_blank"">0xe9577c5e01af4ad6f841303ad5fd57cf2f502d58</a>",9.94448267215017,97,gold
"<a href=""https://blockscout.com/xdai/mainnet/address/0x6ebd7e1bb5db5aa2930b0ffdca3d31ac9df94ce6"" target=""_blank"">0x6ebd7e1bb5db5aa2930b0ffdca3d31ac9df94ce6</a>",9.936513742478894,98,gold
"<a href=""https://blockscout.com/xdai/mainnet/address/0x8df5d18f91333f5591e9331b460d5e501c43b4b3"" target=""_blank"">0x8df5d18f91333f5591e9331b460d5e501c43b4b3</a>",9.851869600729767,99,gold
"<a href=""https://blockscout.com/xdai/mainnet/address/0xbf5c8925ccdbe4ff933a739e51dcdd74fdd78d32"" target=""_blank"">0xbf5c8925ccdbe4ff933a739e51dcdd74fdd78d32</a>",9.76581751530992,100,gold
"<a href=""https://blockscout.com/xdai/mainnet/address/0x542af4dda22ae22bae41ea32fafcfb6af00d8ac5"" target=""_blank"">0x542af4dda22ae22bae41ea32fafcfb6af00d8ac5</a>",9.672467313068083,101,gold
"<a href=""https://blockscout.com/xdai/mainnet/address/0x765ce21d34164b4ef7b362c3835f60a711b5f554"" target=""_blank"">0x765ce21d34164b4ef7b362c3835f60a711b5f554</a>",9.565257343420214,102,gold
"<a href=""https://blockscout.com/xdai/mainnet/address/0x5b9f0eef7bfbd54ba21cd7409bbdfef12136421a"" target=""_blank"">0x5b9f0eef7bfbd54ba21cd7409bbdfef12136421a</a>",9.556302500767288,103,gold
"<a href=""https://blockscout.com/xdai/mainnet/address/0x6e2a2acc7253d38e0891f439a9815bed3771e305"" target=""_blank"">0x6e2a2acc7253d38e0891f439a9815bed3771e305</a>",9.556302500767288,103,gold
"<a href=""https://blockscout.com/xdai/mainnet/address/0xd164984268bc6e81ce9a5109c955b96e4edbee89"" target=""_blank"">0xd164984268bc6e81ce9a5109c955b96e4edbee89</a>",9.43280900503317,105,silver
"<a href=""https://blockscout.com/xdai/mainnet/address/0x93ef4743cad66d1707cf1e98464a11d6970aa399"" target=""_blank"">0x93ef4743cad66d1707cf1e98464a11d6970aa399</a>",9.112605001534575,106,silver
"<a href=""https://blockscout.com/xdai/mainnet/address/0xb731ef1d26227e1edf48f9833e6b48eb11154917"" target=""_blank"">0xb731ef1d26227e1edf48f9833e6b48eb11154917</a>",9.112605001534575,106,silver
"<a href=""https://blockscout.com/xdai/mainnet/address/0xb90440ee1fac3172a630470f4adcb99d0fee936d"" target=""_blank"">0xb90440ee1fac3172a630470f4adcb99d0fee936d</a>",9.061452479087194,108,silver
"<a href=""https://blockscout.com/xdai/mainnet/address/0x8d313be9a5f5abb56e696d2bb2e5ea2673e326c6"" target=""_blank"">0x8d313be9a5f5abb56e696d2bb2e5ea2673e326c6</a>",8.903089986991944,109,silver
"<a href=""https://blockscout.com/xdai/mainnet/address/0x993192a774609176f59325e9c0afd0641917d0db"" target=""_blank"">0x993192a774609176f59325e9c0afd0641917d0db</a>",8.760422483423213,110,silver
"<a href=""https://blockscout.com/xdai/mainnet/address/0x138732bd8109847f5cb02541ecb17d24b1e9ff6e"" target=""_blank"">0x138732bd8109847f5cb02541ecb17d24b1e9ff6e</a>",8.635483746814913,111,silver
"<a href=""https://blockscout.com/xdai/mainnet/address/0xf3062faaa61cd4ee6e8705135a3bc6419cd766b2"" target=""_blank"">0xf3062faaa61cd4ee6e8705135a3bc6419cd766b2</a>",8.602059991327963,112,silver
"<a href=""https://blockscout.com/xdai/mainnet/address/0xc846b4532249ba200a2f40b011aa8a770266bac2"" target=""_blank"">0xc846b4532249ba200a2f40b011aa8a770266bac2</a>",8.556302500767288,113,silver
"<a href=""https://blockscout.com/xdai/mainnet/address/0xe456ff3e321be2675a5aeb56b3623586254c3419"" target=""_blank"">0xe456ff3e321be2675a5aeb56b3623586254c3419</a>",8.431363764158988,114,silver
"<a href=""https://blockscout.com/xdai/mainnet/address/0xa645b0571797a3c8cc87a8b977d843a185428c3f"" target=""_blank"">0xa645b0571797a3c8cc87a8b977d843a185428c3f</a>",8.210586024905156,115,silver
"<a href=""https://blockscout.com/xdai/mainnet/address/0x89de01e46274b69585dbaa45dd81c42c4bd372e1"" target=""_blank"">0x89de01e46274b69585dbaa45dd81c42c4bd372e1</a>",8.204119982655925,116,silver
"<a href=""https://blockscout.com/xdai/mainnet/address/0x51df72bdaa3ce5cdead9a5f74bd0eea75969ce19"" target=""_blank"">0x51df72bdaa3ce5cdead9a5f74bd0eea75969ce19</a>",8.204119982655925,116,silver
"<a href=""https://blockscout.com/xdai/mainnet/address/0x757620cda9b69474304993551f59a629ecf3d502"" target=""_blank"">0x757620cda9b69474304993551f59a629ecf3d502</a>",8.049218022670182,118,silver
"<a href=""https://blockscout.com/xdai/mainnet/address/0x697d13930a51a7a9dede42e48fcb0b7043918917"" target=""_blank"">0x697d13930a51a7a9dede42e48fcb0b7043918917</a>",8,119,silver
"<a href=""https://blockscout.com/xdai/mainnet/address/0xf7af0b2277a6caa0d8a3a1b1ea21f5c6e13dca74"" target=""_blank"">0xf7af0b2277a6caa0d8a3a1b1ea21f5c6e13dca74</a>",7.936513742478894,120,silver
"<a href=""https://blockscout.com/xdai/mainnet/address/0x94e7ed7e818e60e715088445529ca05981bce0b8"" target=""_blank"">0x94e7ed7e818e60e715088445529ca05981bce0b8</a>",7.857332496431269,121,silver
"<a href=""https://blockscout.com/xdai/mainnet/address/0x201f822105a9f7bdbc970588d1ecae8eeba9492d"" target=""_blank"">0x201f822105a9f7bdbc970588d1ecae8eeba9492d</a>",7.702430536445526,122,silver
"<a href=""https://blockscout.com/xdai/mainnet/address/0x5b584922b2df2467a54c19084f83ebaccab21f64"" target=""_blank"">0x5b584922b2df2467a54c19084f83ebaccab21f64</a>",7.6020599913279625,123,silver
"<a href=""https://blockscout.com/xdai/mainnet/address/0xadd66b3245106a458d14cc8b9a7a7bdd0ac98c3f"" target=""_blank"">0xadd66b3245106a458d14cc8b9a7a7bdd0ac98c3f</a>",7.385606273598313,124,silver
"<a href=""https://blockscout.com/xdai/mainnet/address/0x0e3199513bcdbbc7d3de5190bf10da4241009e9d"" target=""_blank"">0x0e3199513bcdbbc7d3de5190bf10da4241009e9d</a>",7.352182518111363,125,silver
"<a href=""https://blockscout.com/xdai/mainnet/address/0x77fe2de04375980682283dbf4f31b1708e6d29dd"" target=""_blank"">0x77fe2de04375980682283dbf4f31b1708e6d29dd</a>",7.352182518111363,125,silver
"<a href=""https://blockscout.com/xdai/mainnet/address/0x8457d86624149d1a8b7a781d5482e3d89f809857"" target=""_blank"">0x8457d86624149d1a8b7a781d5482e3d89f809857</a>",7.24551266781415,127,silver
"<a href=""https://blockscout.com/xdai/mainnet/address/0x38c8bbf5cca496bc15b19b5a4e7aae64613d1312"" target=""_blank"">0x38c8bbf5cca496bc15b19b5a4e7aae64613d1312</a>",7.225825991461893,128,silver
"<a href=""https://blockscout.com/xdai/mainnet/address/0xba20e50aafe9aab7fad58a37099a6c16282f7133"" target=""_blank"">0xba20e50aafe9aab7fad58a37099a6c16282f7133</a>",7.210586024905156,129,silver
"<a href=""https://blockscout.com/xdai/mainnet/address/0x21368a0e3410a6253662d7b4562f4b0cdc0d276a"" target=""_blank"">0x21368a0e3410a6253662d7b4562f4b0cdc0d276a</a>",7.15836249209525,130,silver
"<a href=""https://blockscout.com/xdai/mainnet/address/0x6af6d4c57b3d48d614ecc52f6c25242783dec71a"" target=""_blank"">0x6af6d4c57b3d48d614ecc52f6c25242783dec71a</a>",7.079181246047625,131,silver
"<a href=""https://blockscout.com/xdai/mainnet/address/0xfd3719bef669f5cebbda47b69e7814cf413e9517"" target=""_blank"">0xfd3719bef669f5cebbda47b69e7814cf413e9517</a>",6.954242509439325,132,silver
"<a href=""https://blockscout.com/xdai/mainnet/address/0xe918cf93d420e5d593a825c01d253fbcb12d88aa"" target=""_blank"">0xe918cf93d420e5d593a825c01d253fbcb12d88aa</a>",6.924795995797912,133,silver
"<a href=""https://blockscout.com/xdai/mainnet/address/0x7b5ea4b715beec583876b703f14157fb941e1904"" target=""_blank"">0x7b5ea4b715beec583876b703f14157fb941e1904</a>",6.862727528317975,134,silver
"<a href=""https://blockscout.com/xdai/mainnet/address/0x394c82976a57c4309138c072149ee57aea16560b"" target=""_blank"">0x394c82976a57c4309138c072149ee57aea16560b</a>",6.431363764158988,135,silver
"<a href=""https://blockscout.com/xdai/mainnet/address/0x045795ff0b8c353290a900654514032e92c289b7"" target=""_blank"">0x045795ff0b8c353290a900654514032e92c289b7</a>",6.380211241711606,136,silver
"<a href=""https://blockscout.com/xdai/mainnet/address/0x363951773d40a61fa5587a1043ee80586db302d0"" target=""_blank"">0x363951773d40a61fa5587a1043ee80586db302d0</a>",6.301029995663981,137,silver
"<a href=""https://blockscout.com/xdai/mainnet/address/0x29a65d830516cca6e694be90d3de3cc19f620ea6"" target=""_blank"">0x29a65d830516cca6e694be90d3de3cc19f620ea6</a>",6.079181246047625,138,silver
"<a href=""https://blockscout.com/xdai/mainnet/address/0x3e3f22da9a50d22694c452c5ec39b907524373b8"" target=""_blank"">0x3e3f22da9a50d22694c452c5ec39b907524373b8</a>",6.03342375548695,139,silver
"<a href=""https://blockscout.com/xdai/mainnet/address/0xa44dd0cf1de1c461fde0b7b92c374789b59784c9"" target=""_blank"">0xa44dd0cf1de1c461fde0b7b92c374789b59784c9</a>",6,140,silver
"<a href=""https://blockscout.com/xdai/mainnet/address/0x3e1a12a6019ee26418f22b656926fe38f5e58c5f"" target=""_blank"">0x3e1a12a6019ee26418f22b656926fe38f5e58c5f</a>",5.9754318085092635,141,silver
"<a href=""https://blockscout.com/xdai/mainnet/address/0x9583ca25ec7770b1d575d0c4c76b79ce257e6645"" target=""_blank"">0x9583ca25ec7770b1d575d0c4c76b79ce257e6645</a>",5.954242509439325,142,silver
"<a href=""https://blockscout.com/xdai/mainnet/address/0x55e86864dde83bdd7ef9f0d1f1765ebbec3a7934"" target=""_blank"">0x55e86864dde83bdd7ef9f0d1f1765ebbec3a7934</a>",5.944482672150169,143,silver
"<a href=""https://blockscout.com/xdai/mainnet/address/0x1f2b6dcff8b9c35ea8b4daed42a7772ec1014276"" target=""_blank"">0x1f2b6dcff8b9c35ea8b4daed42a7772ec1014276</a>",5.909556029241175,144,silver
"<a href=""https://blockscout.com/xdai/mainnet/address/0xfa048dc57af9fbeacaeb5cd6cdcdc10ff59e0a02"" target=""_blank"">0xfa048dc57af9fbeacaeb5cd6cdcdc10ff59e0a02</a>",5.903089986991944,145,silver
"<a href=""https://blockscout.com/xdai/mainnet/address/0xd944633d12e0ecf7e88d6b6248bc192d2e24226d"" target=""_blank"">0xd944633d12e0ecf7e88d6b6248bc192d2e24226d</a>",5.778151250383644,146,silver
"<a href=""https://blockscout.com/xdai/mainnet/address/0xbc0a24a17caed0dbca77e564159c188c7aaacab7"" target=""_blank"">0xbc0a24a17caed0dbca77e564159c188c7aaacab7</a>",5.681241237375588,147,silver
"<a href=""https://blockscout.com/xdai/mainnet/address/0x960cc811e5ef36760f5c679af90e821b10385e04"" target=""_blank"">0x960cc811e5ef36760f5c679af90e821b10385e04</a>",5.681241237375588,147,silver
"<a href=""https://blockscout.com/xdai/mainnet/address/0x3ef577a00eca5a19785446af28b519f7c86ae12c"" target=""_blank"">0x3ef577a00eca5a19785446af28b519f7c86ae12c</a>",5.6020599913279625,149,silver
"<a href=""https://blockscout.com/xdai/mainnet/address/0xa5954bb63de0c0c49464b86866c289abfc7bb56b"" target=""_blank"">0xa5954bb63de0c0c49464b86866c289abfc7bb56b</a>",5.6020599913279625,149,silver
"<a href=""https://blockscout.com/xdai/mainnet/address/0x03e7fa64781cab468f0501bbd7d6c6eebe003360"" target=""_blank"">0x03e7fa64781cab468f0501bbd7d6c6eebe003360</a>",5.572871602200481,151,silver
"<a href=""https://blockscout.com/xdai/mainnet/address/0xc1196c46559203fe1e3ffe05009fde59795a6385"" target=""_blank"">0xc1196c46559203fe1e3ffe05009fde59795a6385</a>",5.477121254719663,152,silver
"<a href=""https://blockscout.com/xdai/mainnet/address/0xf331f8cbcd9100292258d2a1986a4a2e7435e453"" target=""_blank"">0xf331f8cbcd9100292258d2a1986a4a2e7435e453</a>",5.477121254719663,152,silver
"<a href=""https://blockscout.com/xdai/mainnet/address/0x1bf78af3ea20093c43a5a6e294e7bd890a6ee0dc"" target=""_blank"">0x1bf78af3ea20093c43a5a6e294e7bd890a6ee0dc</a>",5.380211241711606,154,silver
"<a href=""https://blockscout.com/xdai/mainnet/address/0x23b97fb0301883863bbbd8238d11fd51e95e7315"" target=""_blank"">0x23b97fb0301883863bbbd8238d11fd51e95e7315</a>",5.342422680822207,155,silver
"<a href=""https://blockscout.com/xdai/mainnet/address/0x0abd1ca07293821a879dd5a3f7ec0003c7e8b1a3"" target=""_blank"">0x0abd1ca07293821a879dd5a3f7ec0003c7e8b1a3</a>",5,156,bronze
"<a href=""https://blockscout.com/xdai/mainnet/address/0x49e2a5af17fb2b37a0ff460217dc7a9ff4f34f90"" target=""_blank"">0x49e2a5af17fb2b37a0ff460217dc7a9ff4f34f90</a>",4.6020599913279625,157,bronze
"<a href=""https://blockscout.com/xdai/mainnet/address/0x70b8a73490a4cb1fd64152953fb73da0043192a1"" target=""_blank"">0x70b8a73490a4cb1fd64152953fb73da0043192a1</a>",4.380211241711606,158,bronze
"<a href=""https://blockscout.com/xdai/mainnet/address/0x9062a96b9e947b2b57283e705c97b871f5eb6561"" target=""_blank"">0x9062a96b9e947b2b57283e705c97b871f5eb6561</a>",4.301029995663981,159,bronze
"<a href=""https://blockscout.com/xdai/mainnet/address/0x04be52434eb64addf373137310551ac42013677c"" target=""_blank"">0x04be52434eb64addf373137310551ac42013677c</a>",4,160,bronze
"<a href=""https://blockscout.com/xdai/mainnet/address/0xe3b4667bfd9ba6a3ff45343ec9a2fa8064699669"" target=""_blank"">0xe3b4667bfd9ba6a3ff45343ec9a2fa8064699669</a>",4,160,bronze
"<a href=""https://blockscout.com/xdai/mainnet/address/0x03f182ec7474877ec8d830a5fcb804fd132755c1"" target=""_blank"">0x03f182ec7474877ec8d830a5fcb804fd132755c1</a>",4,160,bronze
"<a href=""https://blockscout.com/xdai/mainnet/address/0x6bf7550bf182b8428e2cf4fc640ed884ff8c7a57"" target=""_blank"">0x6bf7550bf182b8428e2cf4fc640ed884ff8c7a57</a>",4,160,bronze
"<a href=""https://blockscout.com/xdai/mainnet/address/0x3c5b25331c30937ac324d3f20af0caa70e645588"" target=""_blank"">0x3c5b25331c30937ac324d3f20af0caa70e645588</a>",3.9030899869919438,164,bronze
"<a href=""https://blockscout.com/xdai/mainnet/address/0x78d6f46b62688581c8ed59881c68e9f864a00436"" target=""_blank"">0x78d6f46b62688581c8ed59881c68e9f864a00436</a>",3.778151250383644,165,bronze
"<a href=""https://blockscout.com/xdai/mainnet/address/0xd48d664965286ddea41e97784d079de981d099b6"" target=""_blank"">0xd48d664965286ddea41e97784d079de981d099b6</a>",3.6989700043360187,166,bronze
"<a href=""https://blockscout.com/xdai/mainnet/address/0x13b0d26d0703cd7a13a52e4bfb90a48887e559a6"" target=""_blank"">0x13b0d26d0703cd7a13a52e4bfb90a48887e559a6</a>",3.6020599913279625,167,bronze
"<a href=""https://blockscout.com/xdai/mainnet/address/0x26260b28ce15a5aae6c61283693f6c677db05953"" target=""_blank"">0x26260b28ce15a5aae6c61283693f6c677db05953</a>",3.6020599913279625,167,bronze
"<a href=""https://blockscout.com/xdai/mainnet/address/0xc7b169b108c5e75991c520aea97140534291c81d"" target=""_blank"">0xc7b169b108c5e75991c520aea97140534291c81d</a>",3.4771212547196626,169,bronze
"<a href=""https://blockscout.com/xdai/mainnet/address/0x446a3e8dea79f232ebf35010b39578c30c8e7f94"" target=""_blank"">0x446a3e8dea79f232ebf35010b39578c30c8e7f94</a>",3.3010299956639813,170,bronze
"<a href=""https://blockscout.com/xdai/mainnet/address/0x170775956745de9efa6d38abc8d7ed4849a1234b"" target=""_blank"">0x170775956745de9efa6d38abc8d7ed4849a1234b</a>",3.3010299956639813,170,bronze
"<a href=""https://blockscout.com/xdai/mainnet/address/0x2916d837b5f3d4e83df9c6db717356bd89c6e9a5"" target=""_blank"">0x2916d837b5f3d4e83df9c6db717356bd89c6e9a5</a>",3,172,bronze
"<a href=""https://blockscout.com/xdai/mainnet/address/0xae17d80e9ff14374ec81bb7367511507d509b648"" target=""_blank"">0xae17d80e9ff14374ec81bb7367511507d509b648</a>",3,172,bronze
"<a href=""https://blockscout.com/xdai/mainnet/address/0xcf4a673207661ba5631cd2abf5b751e9de9b1ce8"" target=""_blank"">0xcf4a673207661ba5631cd2abf5b751e9de9b1ce8</a>",3,172,bronze
"<a href=""https://blockscout.com/xdai/mainnet/address/0x21010cd7c72169ab740c8d8d3562c1c5a259a407"" target=""_blank"">0x21010cd7c72169ab740c8d8d3562c1c5a259a407</a>",3,172,bronze
"<a href=""https://blockscout.com/xdai/mainnet/address/0xecc8aabfcba984daadef145c61265c622c239136"" target=""_blank"">0xecc8aabfcba984daadef145c61265c622c239136</a>",3,172,bronze
"<a href=""https://blockscout.com/xdai/mainnet/address/0x8e9b548002ab33f0a58018dfdc91817764be23e0"" target=""_blank"">0x8e9b548002ab33f0a58018dfdc91817764be23e0</a>",3,172,bronze
"<a href=""https://blockscout.com/xdai/mainnet/address/0x0b8d6c89b75839b5016a88c6f8b253becd39b7b6"" target=""_blank"">0x0b8d6c89b75839b5016a88c6f8b253becd39b7b6</a>",3,172,bronze
"<a href=""https://blockscout.com/xdai/mainnet/address/0xa8213ad427cc7c16cf6248e0653553bc3008a191"" target=""_blank"">0xa8213ad427cc7c16cf6248e0653553bc3008a191</a>",3,172,bronze
"<a href=""https://blockscout.com/xdai/mainnet/address/0x317890de9ee2d5987e30662b3cb640cffce62ce6"" target=""_blank"">0x317890de9ee2d5987e30662b3cb640cffce62ce6</a>",3,172,bronze
"<a href=""https://blockscout.com/xdai/mainnet/address/0xb2c8bb4bf53b34fdb55795ba5dac0598dea37819"" target=""_blank"">0xb2c8bb4bf53b34fdb55795ba5dac0598dea37819</a>",2.6020599913279625,181,bronze
"<a href=""https://blockscout.com/xdai/mainnet/address/0x4d8bd62c7cb6769795410c5d1209cc09bfe16c60"" target=""_blank"">0x4d8bd62c7cb6769795410c5d1209cc09bfe16c60</a>",2.255272505103306,182,bronze
"<a href=""https://blockscout.com/xdai/mainnet/address/0x36db7df1d5a563d6e707ffc976b46dd4872a8bf0"" target=""_blank"">0x36db7df1d5a563d6e707ffc976b46dd4872a8bf0</a>",2,183,bronze
"<a href=""https://blockscout.com/xdai/mainnet/address/0x034e1f7a66b582b68e511b325ed0ccb71bb4bc12"" target=""_blank"">0x034e1f7a66b582b68e511b325ed0ccb71bb4bc12</a>",2,183,bronze
"<a href=""https://blockscout.com/xdai/mainnet/address/0xc4cbf8f4c59570450df297cedd3963b7e1f60652"" target=""_blank"">0xc4cbf8f4c59570450df297cedd3963b7e1f60652</a>",2,183,bronze
"<a href=""https://blockscout.com/xdai/mainnet/address/0x51eb65fdb6d393950b6174c29c048f40edb6be1e"" target=""_blank"">0x51eb65fdb6d393950b6174c29c048f40edb6be1e</a>",1.3010299956639813,186,bronze
"<a href=""https://blockscout.com/xdai/mainnet/address/0x8ca60eb7c8d4de486986335166e1c9f6b3982029"" target=""_blank"">0x8ca60eb7c8d4de486986335166e1c9f6b3982029</a>",1,187,bronze
"<a href=""https://blockscout.com/xdai/mainnet/address/0x313ff40b3b90ed90d0dac823033d3bac67151b02"" target=""_blank"">0x313ff40b3b90ed90d0dac823033d3bac67151b02</a>",1,187,bronze
"<a href=""https://blockscout.com/xdai/mainnet/address/0x2488b8bfb65af8aca5a40dc245933c2ddc45adf8"" target=""_blank"">0x2488b8bfb65af8aca5a40dc245933c2ddc45adf8</a>",1,187,bronze
"<a href=""https://blockscout.com/xdai/mainnet/address/0x5f333fe174cbc077cf555baf41b126738721b13a"" target=""_blank"">0x5f333fe174cbc077cf555baf41b126738721b13a</a>",1,187,bronze
"<a href=""https://blockscout.com/xdai/mainnet/address/0x20f77d1e0b152197483aa088467bd2eb81c3757d"" target=""_blank"">0x20f77d1e0b152197483aa088467bd2eb81c3757d</a>",1,187,bronze
"<a href=""https://blockscout.com/xdai/mainnet/address/0xd09d3d77de3b0ad3e47020d08ed6fa18d2127e3d"" target=""_blank"">0xd09d3d77de3b0ad3e47020d08ed6fa18d2127e3d</a>",1,187,bronze
"<a href=""https://blockscout.com/xdai/mainnet/address/0xada59930129c06535f563e322711745d3a48f596"" target=""_blank"">0xada59930129c06535f563e322711745d3a48f596</a>",1,187,bronze
"<a href=""https://blockscout.com/xdai/mainnet/address/0x3220377c641c064dd30da594584ec98a96a59058"" target=""_blank"">0x3220377c641c064dd30da594584ec98a96a59058</a>",1,187,bronze
"<a href=""https://blockscout.com/xdai/mainnet/address/0x9254dc142566bbdefa0d44411d67cc47d3ce41bf"" target=""_blank"">0x9254dc142566bbdefa0d44411d67cc47d3ce41bf</a>",1,187,bronze
"<a href=""https://blockscout.com/xdai/mainnet/address/0x9238a7ffe438d1246bbf30c9e9a3d68149d63a36"" target=""_blank"">0x9238a7ffe438d1246bbf30c9e9a3d68149d63a36</a>",1,187,bronze
"<a href=""https://blockscout.com/xdai/mainnet/address/0xdd8e898b37eaf390cf53790f2ea2cabedac7afa2"" target=""_blank"">0xdd8e898b37eaf390cf53790f2ea2cabedac7afa2</a>",1,187,bronze
"<a href=""https://blockscout.com/xdai/mainnet/address/0x90f659686262a2149dfeb4b6ef88edc8fcc4e05a"" target=""_blank"">0x90f659686262a2149dfeb4b6ef88edc8fcc4e05a</a>",1,187,bronze
"<a href=""https://blockscout.com/xdai/mainnet/address/0x1225f0be3ca3bb25fefe9631a50f2136182105a5"" target=""_blank"">0x1225f0be3ca3bb25fefe9631a50f2136182105a5</a>",1,187,bronze
"<a href=""https://blockscout.com/xdai/mainnet/address/0xba1cad8e212e79cd1b4298abe09eb6b44384ffa2"" target=""_blank"">0xba1cad8e212e79cd1b4298abe09eb6b44384ffa2</a>",1,187,bronze
"<a href=""https://blockscout.com/xdai/mainnet/address/0x4496c474a0768384841ebc0aae87beaeab7261a6"" target=""_blank"">0x4496c474a0768384841ebc0aae87beaeab7261a6</a>",1,187,bronze
"<a href=""https://blockscout.com/xdai/mainnet/address/0x583e34e6575ba6975bfbbb71e855981992a22db9"" target=""_blank"">0x583e34e6575ba6975bfbbb71e855981992a22db9</a>",1,187,bronze
"<a href=""https://blockscout.com/xdai/mainnet/address/0xf4358d61f567d01c08f4018ef4de5a43dfc470d6"" target=""_blank"">0xf4358d61f567d01c08f4018ef4de5a43dfc470d6</a>",1,187,bronze
"<a href=""https://blockscout.com/xdai/mainnet/address/0x6aeea1aee1559640b066fd2b49933987a4267f5f"" target=""_blank"">0x6aeea1aee1559640b066fd2b49933987a4267f5f</a>",1,187,bronze
"<a href=""https://blockscout.com/xdai/mainnet/address/0x6ae40a6fd30b9e627a1314d2fadc4ed96d34dbd7"" target=""_blank"">0x6ae40a6fd30b9e627a1314d2fadc4ed96d34dbd7</a>",1,187,bronze
